,x,low,q1,median,q3,high
0,日,-0.0167763258464048,-0.0031612306622027,0.0,0.0059154994605987,0.019530594644800798
1,周,-0.07401537652600365,-0.003000558587877622,0.0,0.044342653370873064,0.1153574713089991
2,月,-0.2701862636766261,-0.0022009086845616033,0.06818047557383256,0.17645599464348138,0.4444413496355459
